title,url,ingredients,steps,uuid,categoria
Alubias con perdiz,https://www.recetasgratis.net/receta-de-alubias-con-perdiz-74556.html,"2 perdices de criadero
1 paquete de alubias de la granja (judión)
2 puerros
1 cebolla morada
5 dientes de ajo
3 hojas de laurel
3 clavos de olor
1 cucharada postre de pimentón dulce, romero molido
1 cucharada postre de sal o al punto, ají molido,o pimienta
1 vaso pequeño de vinagre de manzana y aceite de oliva virgen","1 Después de dejar 24 horas en remojo las alubias de la granja, introdúcelas en una cacerola honda con agua suficiente como para cubrirlas al menos tres dedos por encima de ellas.Añade el tomate pelado entero, los dientes de ajo con la piel y sin cascar. Agrega también los puerros y, antes de añadir la cebolla morada pelada, pincha los clavos de olor en ella. Truco: Clavamos los clavos en la cebolla para evitar que se esparzan y te cueste encontrarlos después. 
2 Deja tapada la olla y deja que cueza una hora a fuego bajo. Corta las perdices en mitades y vierte aceite en una cazuela de barro para freírlas hasta que se doren. No añadas sal aún o se endurecerá la carne de la perdiz. 
3 Transcurrido el tiempo de cocción de las alubias, saca todas las verduras con excepción de los ajos. No olvides retirar también los clavos de la cebolla morada. Introduce las verduras en un vaso picador y tritura hasta convertirlas en puré. Las alubias deben continuar cocinándose. 
4 En la misma cazuela donde doraste la perdiz, sofríe laurel, pimentón y ají molido, remueve y no lo tengas más que unos segundos a fuego suave. Puedes añadir alguna otra especia o aliño picante si lo deseas. 
5 Enseguida vierte la salsa que has batido como un puré y sofríe tres minutos removiendo. Esta salsa que se forma va a ser una de las partes importantes de este plato de perdiz con alubias, pues lo ayudará a tomar un sabor inconfundible. 
6 Añade esta mezcla de la salsa a la olla donde hierven las judías. Remueve y deja que sigan cociendo a fuego lento. Es importante tener paciencia, pues este tipo de alubias o habichuelas tardan en cocer, más aún si las haces en una olla normal a fuego lento como se hacía de antaño. 
7 A continuación, añade un vasito pequeño de vinagre de manzana o algún vinagre suave, y añade la sal al punto. Ten cuidado al añadir sal, porque al concentrarse los sabores toma más fuerza el caldo y puede resultar muy salado. 
8 Sube el fuego y deja que rompa a hervir con más rapidez. En este momento, también puedes añadir romero molido, o sustituir este por sama o alguna hierba similar.Tapa y cuece por una hora a fuego suave y ya estará terminado tu plato, aunque si lo dejas reposar de un día para otro este guiso será mucho mas delicioso. Truco: Las alubias con perdiz podrás guardarlas congeladas en un recipiente y tener un plato completo para un día en el que no tengas tiempo para cocinar 9 Sirve las alubias con perdiz a la mesa y acompáñalas de una ensalada de brotes tiernos. Estos platos de cuchara son muy completos y la verdad es que necesitan de poco más para acompañar, pero eso te lo dejamos a ti. ¡Buen apetito!",34a36750-b4f6-40b9-af43-25a457508380,comida
Alubias con Almejas,https://www.recetasgratis.net/receta-de-alubias-con-almejas-73564.html,"400 gramos de alubias secas
1 trozo de puerro
1 cabeza de ajos
1 hoja de laurel
250 gramos de almejas
2 cucharadas soperas de tomate frito
1 cucharada postre de pimentón
100 mililitros de vino blanco
1 chorro de aceite
1 pizca de sal
1 cucharada sopera de perejil picado","1 Ten las alubias en remojo la noche anterior. Al día siguiente, escurre las alubias y ponlas en una olla cubiertas de agua, pon un trozo de puerro, 4-5 dientes de ajos y la hoja de laurel. 
2 Ponlas a cocer y, cuando empiecen a hervir fuerte, corta la cocción con un vaso de agua. Después, déjalas cocinar a fuego lento entre 1 hora y media o 2 horas dependiendo de la alubia. Si tienes olla rápida, en 20 minutos las tendrás cocidas. 
3 Cuando estén listas, apaga. Puedes quitar las verduras o triturarlas y añadirlas a las alubias. 
4 Prepara las almejas. En una sartén pon un poco de aceite, pica 2 dientes de ajos y échalos a la sartén. Antes de que cojan color, añade las cucharadas de tomate y el pimentón, remuevo todo bien. Agrega el vino blanco, incorpora las almejas y déjalas hasta que se abran. Echa un poco de perejil. 
5 Cuando estén las almejas, échalas a la cazuela de las alubias, deja cocer 5 minutos todo junto y listo, ¡tendrás un plato riquísimo de alubias con almejas!",4232947d-e86f-4553-a3f6-44d149dcacaf,comida
Alubias blancas con almejas,https://www.recetasgratis.net/receta-de-alubias-blancas-con-almejas-7959.html,"¾ kilogramo de Alubias blancas ½ kilogramo de Almejas finas
1 unidad de Tomate maduro
1 unidad de Cebolla
½ hoja de Laurel
1 rama de Perejil
1 unidad de Papeleta de azafrán
1 diente de Ajo
½ cucharadita de Pimentón dulce
1 chorro de Aceite
1 pizca de Sal","1 Para hacer estas alubias blancas con almejas, se ponen las alubias en remojo en agua fría, durante la noche anterior. 
2 A la mañana siguiente se escurren las alubias blancas, se trasladan a una cacerola y se les añade la cebolla picada, el tomate pelado y cortado en trozos pequeños, el laurel, el ajo, el perejil, el pimentón y el aceite crudo; se sacude la cacerola para mezclarlo todo y se cubre con agua fría. 
3 Cuando la olla de las alubias blancas rompa el hervor, se baja la llama, se pone el azafrán ligeramente tostado y se deja cocer lentamente, procurando que las alubias estén siempre cubiertas de agua para que no suelten la piel. 
4 Una vez tiernas, las alubias blancas se sazonan con sal y se siguen cociendo muy despacio. 
5 Por separado se preparan las almejas a la marinera y se añaden a las alubias blancas, dejándolas hervir muy despacio, un cuarto de hora más. 
6 Se retiran del fuego las alubias con almejas y se dejan reposar, tapadas, unos diez minutos antes de servirlas. Ya sólo queda disfrutar esta receta fácil de alubias blancas con almejas, ¡buen provecho!Y si te gustan los recetas con almejas, no te pierdas las siguientes recomendaciones:Patatas con almejasAlcachofas con almejasEspaguetis con almejas",0ed3ab92-1d63-42a6-82c9-55601e0eb0ef,comida
Alubias blancas con lechuga y zanahoria,https://www.recetasgratis.net/receta-de-alubias-blancas-con-lechuga-y-zanahoria-31350.html,"300 gramos de Alubias balncas
200 gramos de Zanahoria
4 hojas de Lechuga
100 gramos de Cebolla
1 diente de Ajo
½ cucharadita de Pimentón
6 cucharadas soperas de Aceite de oliva
1 pizca de Sal","1 Ponemos las alubias en remojo en agua fría durante 10 horas. 
2 Cuando las vayamos a cocinar y una vez pasado el tiempo de remojo, las escurrimos y colocamos en una cazuela, junto con la cebolla, la zanahoria y el ajo cortado en brounoisse (cortado en trocitos diminutos) el pimentón y el aceite de oliva. 
3 Cubrimos con agua fría y ponemos a hervir. 
4 Cuando rompe el hervir, bajamos el fuego, y dejamos cocer lentamente, procurando que las alubias estén siempre cubiertas de agua para que no suelten la piel aproximadamente durante 2 horas si cocinamos en cazuela normal y 40 minutos si cocinamos en la olla rápida. 
5 Una vez tiernas las alubias, añadimos las hojas de la lechuga cortada en juliana (corte en tiras) sazonamos y dejamos que sigan cociendo muy despacio. 
6 Retiramos del fuego y se dejan reposar, tapadas, unos diez minutos antes de servirlas.",14015f35-eba7-45a8-85ce-a9da2fcd6567,comida
Alubias blancas con chorizo,https://www.recetasgratis.net/receta-de-alubias-blancas-con-chorizo-8199.html,"400 gramos de alubias blancas secas
2 trozos de chorizo
1 trozo de panceta fresca
1 cebolla
3 dientes de ajo
1 trozo de puerro
4 cucharadas soperas de tomate frito o triturado
1 cucharada postre de pimentón dulce
1 chorro de aceite
1 pizca de sal","1 La noche anterior pon las alubias en remojo cubiertas de abundante agua, déjalas unas 10- 12 horas. Truco: para esta receta de alubias blancas con chorizo y verduras también puedes utilizar alubias de bote y ahorrarte este paso. 
2 Corta las verduras, pela los dientes ajos y déjalos enteros. Pela la cebolla y córtala por la mitad, lava el puerro y corta un trozo. 
3 En una cazuela alta pon un poco de aceite, añade las verduras, rehógalas por un par de minutos. Seguido, añade el tomate frito o triturado, mézclalo bien. 
4 Corta el chorizo en rodajas y la panceta en trozos. Truco: también puedes variar la preparación y hacer alubias blancas con chorizo y morcilla. 
5 Añade el chorizo y la panceta a la cazuela, remueve y deja que se cocine un par de minutos todo junto. 
6 Añade la cucharadita de pimentón dulce a la cazuela junto a todo, remueve. 
7 Escurre las judías blancas, añádelas a la cazuela donde tienes todo el sofrito. Añade el agua hasta que cubra las cubra, dejando unos tres dedos de agua por encima de ellas. Deja a fuego fuerte hasta que las judías blancas con chorizo empiecen a hervir. 
8 Cuando empiece las habichuelas con chorizo empiecen a hervir, quita la espuma que se forma por encima. Baja un poco el fuego y deja que se cocinen las judías durante una hora. Corta el hervor un par de veces añadiendo un vaso de agua fría. Vigila que no se queden sin agua. 
9 Cuando veas que casi están, añade sal, prueba y rectifica hasta que estén a nuestro gusto. Si te gusta el caldo más espeso puedes aprovechar las verduras, la cebolla y el puerro triturándolos y añadiéndolos a la cazuela. Remueve y deja cocinar unos 10 minutos, esto da más sabor y liga más la salsa. Si te parece bien como está, saca las verduras.Cuando ya estén las judías blancas con chorizo, panceta y verduras, apaga. Déjalas reposar un rato o hasta la hora de comer. De un día para otro están más buenas. Disfruta de las alubias con chorizo calientes y sirve como plato principal acompañado de pan casero, por ejemplo. Finaliza la comida con un tradicional postre de flan de huevo. Y si quieres otras recetas con este tipo de alubias blancas o habichuelas, puedes probar las alubias con tomate o el potaje de .",29a957e5-9beb-48aa-9c7e-bff2cb435512,comida
Alubias blancas con cerdo en adobo,https://www.recetasgratis.net/receta-de-alubias-blancas-con-cerdo-en-adobo-62645.html,"500 gramos de Alubias blancas
2 Patatas medianas
1 Puerro
1 Cebolla
1 Pimiento rojo
3 dientes de Ajo
3 Zanahorias
600 gramos de Costilla de cerdo en adobo
1 Manita de cerdo en adobo
1 Oreja de cerde en adobo
1 pizca de Sal Aceite de oliva","1 Este cocido de alubias blancas está pensado para prepararlo de un día para otro, de modo que la noche anterior a su preparación, pondremos en remojo las alubias.En un recipiente ponemos las alubias y las cubrimos con el doble de agua y en otro recipiente, y para eliminar el exceso de adobo, pondremos también en remojo la carne. 
2 Al día siguiente procedemos de la siguiente manera. En una cazuela y con el mismo agua que hemos utilizado para cubrir las alubias, ponemos a hervir los granos con una pizca de sal, media cebolla sin trocear, un par de zanahorias peladas, enteras también, los ajos pelados y la otra zanahoria en rodajas. Cuando hierva ponemos a fuego medio y tapamos.Por otro lado. en otra cazuela y con agua nueva, ponemos a cocer la carne. Recomiendo para esto usar la olla express. 
3 Mientras tanto picamos finamente el resto de ingredientes, es decir, el puerro, la otra media cebolla y el pimiento. Estos tres ingredientes los picaremos en brunoise mientras que las patatas en mirepoix. 
4 Para seguir con la preparación de estas ricas alubias blancas, en una sartén con un chorro de aceite ponemos a pochar el puerro, la cebolla y el pimiento. Cuando este bien pochadito reservamos.Iremos vigilando de vez en cuando las alubias y al cabo de una hora y media sacaremos la cebolla, los ajos y las zanahorias. Con esta verdura haremos una salsa, así que las trituramos con un poco del agua de la cocción y se lo agregaremos de nuevo a las alubias junto con el pochado de verduras.Cuando veamos que a las alubias les queda poco, añadimos las patatas y rectificamos de sal. Si a medida que las alubias se van haciendo, vemos que se van quedando si agua, le podemos ir añadiendo agua de la cocción de la carne. 
5 Las alubias estarán listas cuando no ofrezcan resistencia a la presión con los dedos. A mi particularmente, una vez terminadas, me gusta introducir en ellas parte de la carne que hemos cocido para que esta quede aún más jugosa.Servir un buen plato de potaje de alubias blancas con cerdo adobada al gusto. Ya sabes que puedes presentarlo por separado o como digo yo, integrando la carne en el cocido. ¡A disfrutar!",84ed6525-d195-44cb-828a-1b2a2aa7d1f1,comida
Alubias de bote con chorizo y morcilla,https://www.recetasgratis.net/receta-de-alubias-de-bote-con-chorizo-y-morcilla-61614.html,"2 botes de Alubias blancas cocidas
1 pastilla de Avecrem o Caldo concentrado
½ Morcilla picante
½ Chorizo picante
1 Cebolla
1 Pimiento verde
2 cucharaditas de Pimentón picante
4 Patatas medianas Aceite
1 chorro de Tomate frito
1 cucharada postre de Colorante alimentario","1 Para hacer nuestros potaje con alubias de bote empezamos por lavar y picar las verduras. La cebolla y el pimiento en trocitos pequeñitos, las patatas en gajos pequeños y el embutido en rodajas más o menos gruesas.Aparte calentamos un poco de aceite en una olla de fondo grueso y cuando este caliente, añadimos las verduras, removemos y se deja freír hasta que coja color y se dore un poquito la cebolla. 
2 A continuación agregamos el chorizo, volvemos a remover y mantenemos la cocción a fuego lento para que vaya desprendiendo su sabor. 
3 Seguidamente añadimos las patatas, previamente peladas, lavadas, peladas y cortadas, y removemos. En este punto ya podemos sazonar el sofrito base de nuestras alubias blancas añadiendo al pimentón, el avecrem, el chorro de tomate frito y el colorante. 
4 Ahora añadimos las alubias escurridas y movemos todo bien para que se impregne de los sabores del sofrito. Añadimos agua hasta que se cubra todo hasta dos dedos por encima y continuamos con la cocción a fuego lento.Ve removiendo de vez en cuando, pero muy poco, para que no se partan las alubias de bote. 
5 Deja que hierve y cuando se ablande las patatas agrega la morcilla en trozos grandes. A partir de aquí ya puedes ir probando y cuando estén a tu gusto las dejas reposar.Recuerda que como todo potaje, las alubias de bote con chorizo y morcilla van mejorando el sabor con el tiempo, así que al día siguiente de la preparación estarán más ricas.",fd4f207d-c631-4563-add2-2fe556d79d98,comida
Alubias blancas de bote con verduras,https://www.recetasgratis.net/receta-de-alubias-blancas-de-bote-con-verduras-60546.html,"1 bote de alubias blancas
1 puerro mediano
1 cebolla pequeña
1 pimiento verde
1 pimiento rojo
1 diente de ajo
1 zanahoria
1 tomate maduro
1 cucharadita de pimentón de la Vera
5 cucharadas soperas de aceite de oliva virgen
1 pizca de sal","1 Para empezar a preparar la receta de alubias de bote con verduras, pela y pica la cebolla, el ajo y el puerro en trocitos pequeños. Aparte, limpia y trocea los pimientos, y pela y corta en rodajitas la zanahoria. 
2 Luego, pon aceite a calentar en una cazuela y añade las rodajitas de zanahoria y los pimientos troceados, deja que se pochen unos minutos. Cuando el pimiento empiece a ablandarse añade el resto de verduras, el ajo bien picado, la cebolla y el puerro, sazona y sofríe a fuego lento unos 6 minutos.Aparte, ralla el tomate y añádelo a la cazuela, remueve y cocina unos dos minutos más. Echa la cucharadita de pimentón de la Vera, remueve con una cuchara para que se mezcle todo bien y la receta de judías blancas de bote con verduras quede perfecta. 
3 Abre el bote de alubias y ponlas en un colador, pásalas bajo el grifo para que pierdan el líquido que tenían. Añade las judías a la cazuela con las verduras, cubre con agua, mezcla con cuidado y deja que cueza todo junto unos 5 minutos, prueba de sal y echa un poco si le hiciera falta. 
4 Sirve bien caliente el plato de judías blancas de bote guisadas con verduras y disfrútalas acompañadas de pan casero.Tanto si te ha gustado la receta como si piensas que podría mejorarla, dame tu opinión que será bien recibida. Te animo a que visites mi blog Mandarinas y miel y descubras todas mis recetas.",0ee73272-119d-47a3-9ba1-ad07b4a44b27,comida
Alubias con panceta y chorizo,https://www.recetasgratis.net/receta-de-alubias-con-panceta-y-chorizo-60482.html,"400 gramos de Alubias blancas
150 gramos de Habas desgranadas
75 gramos de Panceta
1 unidad de Cebolla
1 unidad de Diente de ajo
1 unidad de Hoja de laurel
50 gramos de Chorizo
2 unidades de Clavo de especia
3 cucharadas soperas de Aceite de oliva
1 cucharadita de Pimienta negra molida
1 cucharadita de Sal","1 Antes de cocinar las legumbres, debemos poner las alubias en remojo en agua fría la noche anterior.El día de la preparación, escurrirlas y ponerlas en una cazuela con la cebolla pelada y entera, la hoja de laurel y los dos clavos. Cubrir con agua fría y cocer sin taparlas a fuego lento durante 50 minutos más o menos.Si utilizas una olla rápida para preparar nuestro plato de alubias con panceta y chorizo, bastará con cocer las alubias blancas durante 10 minutos. 
2 Cuando las alubias ya estén blandas, calentamos el aceite en una sartén para saltear el ajo muy picadito, la cebolla que hemos cocido con las alubias, la panceta cortado en taquitos y las habas.Echar este sofrito en la cazuela donde están las alubias. 
3 Por otro lado, en una sartén sin aceite, echamos el chorizo cortado en daditos y salteamos unos minutos para que suelte la grasa: Desechamos la grasa y añadimos el chorizo a la cazuela.Salpimentamos y dejamos cocer unos 20 minutos más o 10 si estamos cocinando en una olla rápida. 
4 El plato de alubias con panceta y chorizo se debe servir caliente. Las alubias con unas legumbres exquisitas que puedes preparar de muchas formas, en RecetasGratis encontrarás una gran variedad de recetas con estas legumbres como las alubias con tomate. Aunque si te animas a visitar el blog de La Cocina de Catina, encontrarás otras preparaciones como las alubias con pulpo.",827ec3d1-2df6-4c2b-a7d6-5d9f90c156d0,comida
Alubias con pulpo cocido,https://www.recetasgratis.net/receta-de-alubias-con-pulpo-cocido-60297.html,"1 kilogramo de Pulpo
300 gramos de Alubias blancas
4 Tomates hermosos maduros
1 diente de Ajo Agua de cocer el pulpo
½ vaso de Vino blanco seco
½ vaso pequeño de Aceite de oliva
1 Guindilla
2 hojas de Laurel
1 cucharadita de Sal","1 Ponemos las alubias blancas a remojo durante toda la noche, preferiblemente en un bol con agua fría. Transcurrido este tiempo escurrirlas y cocerlas con agua, un poquito de sal y una hoja de laurel durante 30 minutos aproximadamente hasta que veamos que están tiernas.Si cocemos las alubias en olla rápida con 10 minutos es suficiente. Si son alubias de conserva, las añadiremos al guiso durante los últimos 5 minutos. 
2 A continuación, cocinamos el pulpo. Para ello, tendremos preparada una olla con agua hirviendo con una hoja de laurel y le daremos al pulpo los tres baños de rigor antes de dejarlo inmersos en el agua durante más o menos una hora o hasta que este tierno.Una vez cocido lo dejamos escurrir, lo troceamos y reservamos, reservando también 1/2 vaso de agua de la cocción.Si tienes duda sobre este procedimiento en particular puedes revisar la receta de pulpo cocido con fotos en todos los pasos. 
3 Ahora vamos a preparar el sofrito para nuestro plato de alubias con pulpo, en una cacerola con aceite freímos el ajo pelado y machacado junto con la cebolla cortada en juliana, sin que llegue a dorarse. Añadir los tomates pelados y troceados, mezclar bien y freír durante 15 minutos. 
4 Añadir la guindilla, el caldo que teníamos reservado y el vino, rectificamos de sal y dejamos cocer otros 15 minutos más. Incorporamos las alubias y el pulpo y dejamos que termine de cocer durante 10 minutos para que se mezclen bien todos los sabores. 
5 Pasado este tiempo ya podrás servir y disfrutar de un rico plato de alubias con pulpo cocido bien caliente. Y si te gusta comer pulpo, otra receta que no puedes dejar de probar es la del marmitako de pulpo. Y para más recetas paso a paso no dejes de visitar mi blog La Cocina de Catina, no olvides compartir y dejar tus comentarios.",c636b5a1-8dba-48c7-8aa9-5c4b743ae2b4,comida
Alubias con verduras y pollo,https://www.recetasgratis.net/receta-de-alubias-con-verduras-y-pollo-60247.html,"1 bote de alubias a la jardinera
40 gramos de pimiento verde
30 gramos de pimiento rojo
1 pizca de sal
50 mililitros de aceite de oliva
1 jamoncito de pollo","1 Antes de comenzar a elaborar esta receta de alubias con verduras y pollo presentamos los ingredientes que necesitamos. 
2 Picamos fina la verdura. En este caso como las alubias blancas ya vienen con un extra de cebolla y zanahoria, no le agregamos más que pimiento. Si las tuvieras que cocer tú porque lo prefieres o no tienes judías blancas de bote, añade el toque de la cebolla en una cantidad generosa y remata con el toque dulce de la zanahoria. 
3 Calentamos un poco de aceite de oliva en una sartén y vamos a sellar el muslito de pollo. Para ello, primero daremos poca potencia al fuego, y cuando ya lleve cinco minutos, vuelta y vuelta, entonces le damos un poco más de fuerza para que se dore bien. Hay quien quita la piel del pollo, ya que es un componente con mucho aporte calórico. Nosotros queremos que dé ese gustillo al plato de judías blancas con verduras y pollo, así que la hemos dejado. Truco: Cuando son muslos o piezas con mucha carne, te recomendamos abrirlas antes con unos cortes, como se ve en la imagen. Así evitas que queden poco hechos por dentro. 
4 En el mismo aceite de marcar el pollo, sofreímos las verduras con una pizquina de sal. Una vez están doradas, añadimos el contenido de la sartén al bol con las alubias. Todo, aceite incluido. Recuerda que hemos echado poco aceite, y la razón es precisamente esta: queremos un plato de alubias de bote con pollo con cuerpo, sí, pero no pesado. 
5 Finalmente, calentamos las alubias blancas con verduras y pollo en el microondas para que todo esté caliente. ¡Huele que alimenta!Y si te gustan las receta de legumbres con carnes no te pierdas esta de alubias blancas con cerdo en adobo o esta de alubias con panceta y chorizo por ejemplo. ¡Igualmente deliciosas!",d569820c-fb94-4f5b-a107-8e3133bc4749,comida
Alubias con chorizo con Thermomix,https://www.recetasgratis.net/receta-de-alubias-con-chorizo-con-thermomix-59898.html,"150 gramos de Cebolla
100 gramos de Pimiento rojo
2 dientes de Ajo
50 gramos de Zanahoria
50 gramos de Aceite de oliva
2 Chorizos en rodajas
1 trozo de Tocino
100 gramos de Jamón serrano
800 gramos de Judias blancas cocidas
500 mililitros de Agua
1 hoja de Laurel","1 Empezamos a preparar nuestro potaje de judías blancas colocando la cebolla troceada en el vaso junto con el pimiento, el ajo, la zanahoria y el aceite. Programa entonces durante 4 segundos en velocidad 4 para picar las verduras. 
2 A continuación pocha las verduras durante 8 minutos con la Thermomix en modo Varoma y velocidad 1. 
3 Cuando la máquina termine, añade dentro todas las rodajas de chorizo junto con el tocino y el jamón. Añade también unas tres cucharadas de las judías blancas, previamente escurridas, para darle espesor a la salsa base de nuestro potaje, agua y laurel.Programa la Thermomix por 20 minutos con la temperatura en 100º, giro a la izquierda y activa la velocidad cuchara.Procura que las rodajas de chorizo sean más bien gruesas, en cuanto al jamón, puedes comprarlo en tacos o utilizar también un hueso de jamón. 
4 Comprueba la sazón de nuestra receta con alubias blancas y añade una pizca de sal, aunque como el jamón ya aporta suficiente sal no creo que sea necesario.Coloca entonces en el vaso el resto de las judías, previamente escurridas, y programa por 3 minutos manteniendo la temperatura a 100º, el giro a la izquierda y la velocidad de cuchara. 
5 Sirve las alubias con chorizo con Thermomix recién hechas, bien calientes, y disfruta de este plato de cuchara en una tarda fría de otoño o invierno. A esta receta de judías blancas con Thermomix también añadirlo otros ingredientes como morcilla o patata.Y si quieres más recetas de potajes caseros con Thermomix, revisa la receta de garbanzos con espinacas o las clásicas lentejas.",9fbaf529-828a-4259-87b4-392d0d62db6e,comida
Alubias blancas con butifarra,https://www.recetasgratis.net/receta-de-alubias-blancas-con-butifarra-59644.html,"4 Butifarras
600 gramos de Alubias blanca
1 chorro de Aceite
1 pizca de Sal
2 trozos de Panceta de cerdo","1 Esta receta la prepararemos con alubias frescas, así que como en cualquier receta con granos, lo primero que debes hacer es dejarlas en remojo desde la noche anterior a la preparación del plato. 
2 El día de la preparación, escurre el agua y lava las alubias. Colócalas entonces en una olla con agua hasta cubrirlas y cocina a fuego medio-alto hasta que estén blandas. El tiempo de cocción dependerá de la calidad de las alubias pero debe ser entre 2 y 3 horas.Cuando le queden unos 10 minutos para estar listas añade sal a la olla para sazonar los granos. Truco: Si quieres ir más rápido puedes usar una olla express. 
3 Cuando las alubias estén listas, se escurren y saltean en una sartén con los trozos de panceta previamente salados, remueve y cocina todo junto durante unos 5 minutos. 
4 Por otro lado, para hacer este plato de forma tradicional, deberás cocinar la butifarra a la brasa. Si no tienes brasas disponibles puedes hacerla a la parrilla o a la plancha. Cocina dando vueltas hasta que esté dorada y bien hecha. 
5 Terminadas las dos preparaciones se sirve las alubias blancas con butifarra, todo en el mismo plato. Este plato típico de Cataluña se acompaña con pan de payés o pan de pueblo y alioli casero a gusto de cada comensal. ¡Buen provecho!",48747999-3e42-41aa-8b23-a1adcb6fa1c1,comida
Alubias rojas con zanahoria,https://www.recetasgratis.net/receta-de-alubias-rojas-con-zanahoria-58525.html,"4 unidades de Zanahoria
½ unidad de Cebolleta
300 gramos de Alubias rojas
1 pizca de Sal
2 cucharadas soperas de Aceite de oliva
1 cucharada postre de Orégano","1 Reunimos todos los ingredientes para preparar las alubias rojas con zanahoria. No olvides que este plato es una comida ideal para diabéticos o en todo caso, también se puede servir como cena ligera. 
2 Pelamos las zanahorias, las troceamos en cuartos y las cocemos en abundante agua hirviendo con un poco de sal. 
3 Por otra parte, colamos las alubias y las lavamos con agua. Si queréis usar alubias secas tendréis que cocerlas en agua hasta que se ablanden. 
4 Salteamos la cebolleta en una sartén con aceite de oliva durante 3 minutos a fuego medio. 
5 Agregamos las alubias rojas, ponemos un poco de sal y removemos. Dejamos cocinar un par de minutos. 
6 Una vez cocidas las zanahorias, escurrimos el agua y las machacamos con ayuda de un tenedor. Añadimos un poco de sal y de orégano y mezclamos. Si queréis, podéis agregar un chorrito de vinagre blanco. 
7 Sirve en conjunto el puré de zanahoria con el salteado de alubias rojas y buen provecho! Esta receta de alubias rojas con zanahoria se puede tomar como parte de una cena ligera acompañadas por un postre ligero de mango y kiwi.Si queréis probar otras recetas para diabéticos, podéis probar la pizza con harina integral para diabéticos. ¡Esperamos vuestros comentarios!",6f9dc757-52f7-42a1-950b-626e3f808546,comida
Alubias blancas con carne y chorizo,https://www.recetasgratis.net/receta-de-alubias-blancas-con-carne-y-chorizo-58129.html,"300 gramos de Alubias o frijoles blancos
2 tazas de Caldo de pollo
3 hojas de Laurel
1 unidad de Pimiento rojo
80 gramos de Tomate
60 gramos de Cebolla larga
1 unidad de Cebolla blanca
120 gramos de Carne molida
4 unidades de Chorizo
1 cucharadita de Perejil
4 unidades de Patatas
1 puñado de Tomillo
1 cucharadita de Comino
1 cucharadita de Paprika
1 cucharadita de Orégano
1 pizca de Pasta de ajo
1 pizca de Sal
1 pizca de Pimienta negra","1 El primer paso para realizar la receta de alubias blancas es alistar los ingredientes. 
2 Recuerda que lo primero que debes hacer es remojar en agua la noche anterior las alubias para dejarlas durante 24 horas a remojo. Una vez pasado el tiempo e hidratadas, llévalas a una olla a presión y cocínalas hasta que estén blandas. 
3 Pela las patatas y córtalas en cuadros medianos. Lleva las patatas a una olla honda con suficiente agua y cocínalas hasta que estén blandas. Retira la olla del fuego y reserva. 
4 Lleva un sartén a fuego medio y una vez esté caliente adiciona una cucharada de aceite de girasol, agrega el tomate en cuadros y las cebollas finamente picadas. 
5 Agrega sal, pimienta negra y pasta de ajo al gusto. Sofríe durante algunos minutos. 
6 Añade el pimiento rojo también picado finamente e intégralo con el sofrito base de nuestra receta de alubias blancas. 
7 Adiciona la carne molida (puedes utilizar la que prefieras, de res o cerdo). Mezcla muy bien con el resto de ingredientes. 
8 Adiciona el chorizo en rodajas y mezcla bien con el resto de ingredientes que tenemos en la sartén para poder continuar con el potaje de alubias blancas. 
9 Agrega el comino, orégano, sal, pimienta y paprika para dar un toque de sabor a los frijoles. 
10 Mezcla el sofrito base del paso anterior con el caldo de pollo y los frijoles blancos previamente cocinados. Agrega laurel y tomillo al gusto. Deja conservar a fuego medio durante 15 minutos aproximadamente, o hasta que se integren todos los ingredientes. Adiciona las patatas cocinadas al final de la cocción. 
11 Sirve la receta de alubias blancas con carne y chorizo espolvoreando un poco de perejil finamente picado por encima. Este plato es ideal para acompañar con arroz blanco, y si deseas dar un toque extra, unas tajadas de plátano maduro.",c661882c-3f69-4029-8465-1d8780d185df,comida
Alubias blancas con pollo,https://www.recetasgratis.net/receta-de-alubias-blancas-con-pollo-57601.html,"400 gramos de Alubias blancas
½ unidad de Pollo
4 unidades de Zanahorias
1 unidad de Cebolla grande
1 unidad de Pimiento rojo mediano
2 unidades de Puerros
1 cucharada sopera de Pimentón
6 dientes de Ajo
½ taza de Aceite de oliva
1 pizca de Sal","1 Por lo primero que se tiene que hacer es poner en remojo las alubias la noche anterior. Al día siguiente, se ponen a cocer en una olla con agua fría. ¡Ojo! Hay que cambiar el agua por lo menos 3 veces para que no tengamos gases estomacales. Cuando definitivamente la ponemos a hervir añadiremos al agua un chorro de aceite de oliva. 
2 Aparte, en una cazuela se pone a freír la carne de pollo previamente limpia y troceada, se espolvorea por encima un poco de sal para que se pegue a la cazuela. Rehogamos la carne de pollo a fuego suave hasta que coja un color doradito, este paso es muy importante porque de esto dependerá el sabor a carne que tomen las alubias. Luego, se añade la verdura cortada en cuadraditos (previamente pelada): cebolla, pimiento rojo, zanahoria y 4 dientes de ajo. Se rehoga todo junto unos 5 minutitos y después se cubre todo con agua o caldo de pollo. Tapamos la cazuela y dejamos cocer unos 30 minutos. 
3 Cuando falte más o menos media hora para que las alubias estén tiernas, se escurren y se añaden a la cazuela junto al pollo y las verduras, se deja hervir. 
4 Cuando en la cazuela queda caldo solo para cubrir con un dedo los ingredientes, se añaden los 2 dientes de ajo que los hemos frito previamente en una sartén, cortados en láminas, y la cucharada de pimentón dulce. Incorporamos, también, un poco de perejil picado y corregimos de sal. ¡Y listo! Ya puedes disfrutar de este delicioso plato de alubias con pollo con arroz blanco o una ensalada verde. Más recetas y más platos originales de la cocina mediterránea en mi canal de YouTube.",c555673e-38f4-468c-8936-05eb13b5c2cc,comida
Alubias blancas con chorizo y morcilla,https://www.recetasgratis.net/receta-de-alubias-blancas-con-chorizo-y-morcilla-52032.html,"200 gramos de Alubias blancas
2 Chorizos asturianos
2 Morcillas asturianas
1 Cebolla
1 diente de Ajo
1 pizca de Sal
1 pizca de Pimienta
2 lonchas de Tocino","1 Lo primero que debemos hacer para empezar a preparar la receta de alubias blancas con chorizo y morcilla es dejar listos todos los ingredientes. En este sentido, si no puedes conseguir el embutido asturiano, puedes emplear el que tengas a tu alcance. 
2 La noche anterior a la elaboración de las alubias blancas con chorizo, morcilla y panceta, dejamos las legumbres en remojo. 
3 Al día siguiente, escurrimos las alubias, las introducimos en una olla y las cubrimos con agua para dejar que se cocinen durante una hora a fuego lento. Pasada la primera media hora, incorporamos el chorizo y la morcilla y mantenemos la temperatura del fuego. Truco: Puedes acortar el tiempo de cocción de las alubias con chorizo utilizando legumbres de bote. 
4 Cuando queden 15 minutos para finalizar la cocción de las alubias con chorizo y morcilla agregamos el tocino. 
5 Acto seguido, añadimos la cebolla cortada en plumas y el ajo picado. Y si quieres que la cebolla quede más blandita todavía, agrégala unos cinco minutos antes que el tocino. 
6 Cuando el plato de alubias blancas con chorizo, morcilla y panceta esté listo, lo servimos caliente y con la carne troceada. Esta receta es perfecta para combatir las bajas temperaturas, acompañada de una rodaja de pan casero y una copa de vino. Y de postre, ¿qué te parece tarta de queso?",16361f36-44b2-4473-9adc-82d66641a17a,comida
Alubias negras con arroz,https://www.recetasgratis.net/receta-de-alubias-negras-con-arroz-29665.html,"300 gramos de Alubias de Tolosa
250 gramos de Arroz redondo
1 Puerro Choricitos al gusto
2 Zanahorias
2 dientes de Ajo
1 Cebolla
3 cucharadas soperas de Aceite de oliva
1 pizca de Sal y Pimienta blanca","1 Como con cualquier otro tipo de grano, al cocinar alubias de Tolosa, es importante dejarlas en remojo desde la noche anterior a la preparación de la receta. 
2 Al día siguiente, escurrimos bien pasando por un colador y luego, las colocamos en una cazuela grande o puchero, cubriendo con agua fría. Con un litro y medio de agua debería ser suficiente.Añadimos un chorrito de aceite, una pizca de sal y las dejamos hervir a fuego medio alto. 
3 Mientras, lavamos y pelamos las zanahorias, las partimos por la mitad y las incorporamos a la olla. Mantenemos la cocción durante media hora. Por otro lado, pinchamos los chorizos y las incorporamos también en la olla. 
4 Mientras pasa esa primera media hora, aprovechamos para pelar y picar el puerro en aros finos; lo mismo con la cebolla y el ajo que picaremos finamente. Hacemos un sofrito base con estos ingredientes, rehogando a fuego suave con dos dos cucharadas de aceite, sal y pimienta, durante diez minutos. 
5 En este punto, lavamos el arroz para quitarle un poco de almidón, lo escurrimos bien con el colador y lo ponemos dentro del puchero. para hacer estas alubias negras estofadas nosotros hemos utilizado arroz redondo, pero puedes usar cualquier otro tipo de grano que tengas a mano. 
6 Por último, incorporamos el sofrito que hemos hecho en pasos anteriores y removemos la olla agitando por las asas, lo ideal es no meter dentro ninguna cuchara o utensilio para evitar romper las alubias. 
7 Probamos la salsa y corregimos la sazón si es necesario. Dejamos cocinar durante media hora más y cuando pase este tiempo, dejamos reposar unos 10-15 minutos antes de servir. 
8 Pasado este tiempo ya podremos disfrutar a lo grande de un buen plato de alubias negras con arroz. Recuerda que debes servirlo en una cazuela de barro con los chorizos enteros, esa es la forma más tradicional, ¡buen provecho!Este tipo de alubias también se conoce como caraotas y si quieres saber otra forma de prepararlas, no dudes en revisar la receta de las caraotas negras venezolanas.",c7d379b0-777c-4c00-92e2-35d9ff05802a,comida
Alubias blancas con alcachofas,https://www.recetasgratis.net/receta-de-alubias-blancas-con-alcachofas-28819.html,"200 g de alubias blancas
200 g de corazones de alcachofas
100 g de cebolla
1 diente de ajo picado
1 rama de perejil
1/2 hoja de laurel Aceite Sal","1 Ponemos las alubias en remojo la noche anterior con agua fría sin sal. 
2 Al día siguiente, con esa misma agua las colocamos en una cazuela. 
3 Añadimos la cebolla picada, el laurel y un chorro de aceite. 
4 Cubrimos con agua y las cocemos destapadas con calor suave. 
5 En una sartén sofreímos el ajo picado, añadimos las alcachofas partidas en cuartos, las salteamos y por último añadimos el perejil. 
6 Cuando las alubias están casi hechas, agregamos el refrito de alcachofas y dejamos que dé un hervor todo el conjunto. 
7 Agregamos un poco de azafrán pulverizado y continuamos la cocción hasta que las alubias estén suaves y tiernas. 
8 Ponemos un poco de sal y dejamos reposar.",c9d109a4-7b8a-4b85-9b46-8ddea489dfaf,comida
Alubias al vino tinto,https://www.recetasgratis.net/receta-de-alubias-al-vino-tinto-28810.html,"200 g de alubias.
1 cebolla.
2 clavos (especia muy olorosa).
200 g de carne para cocido.
20 g de mantequilla.
15 g de harina.
1 vaso de vino tinto.
1 vaso de agua. Sal.","1 Ponemos a remojo las alubias la noche anterior. 
2 Ensartamos los clavos en la cebolla y cortamos la carne a dados. 
3 Tostamos la harina en la mantequilla como si fuésemos a elaborar una bechamel. 
4 Añadimos la carne a la mezcla de harina y mantequilla, 1 vaso de vino y 1 vaso de agua. 
5 Incorporamos la cebolla con los dos clavos y dejamos cocer media hora larga. 
6 Cuando la salsa esté espesa, añadimos las alubias con el agua de remojo y dejamos cocer 2 horas. 
7 En esta receta, si la elaboramos en olla a presión, con ½ hora de cocción de las alubias es más que suficiente.",fe9ad8bd-8b02-48b7-9aca-9756b78e4bc3,comida
Alubias negras con berza y patatas,https://www.recetasgratis.net/receta-de-alubias-negras-con-berza-y-patatas-28791.html,"250 g de alubias negra
1 dl de aceite Sal
1 cebolla
1 puerro
1 zanahoria
1 pimiento verde
1 tomate maduro
2 dientes de ajo
2 patatas
1 berza Unas guindillas para acompañar","1 El día anterior debemos poner las alubias lavadas en agua fría a remojo. 
2 Al día siguiente con el agua de remojo, ponemos las alubias en una cazuela. 
3 Tapamos y dejamos que hiervan y que se vayan hinchando. 
4 Cuando hayan consumido el agua hasta el punto de que queden al descubierto, se vuelvan a mojar con agua fría (para asustarlas) y añadir el aceite, la cebolla, el puerro, la zanahoria, el pimiento verde, el tomate maduro y los 2 dientes de ajo. 
5 Dejamos cocer suavemente, removiendo con cuidado con una espátula de madera, sin romper las alubias. 
6 Transcurridas dos horas a fuego muy suave, veremos que están perfectamente cocidas y enteras. 
7 Sacamos con cuidado la cebolla, el puerro, la zanahoria, el ajo, el pimiento, el tomate y un cacito de las alubias y las trituramos con una batidora. 
8 Freímos un poco de ajo en un poco de aceite y lo echamos también al vaso batidor. 
9 Se tritura bien todo y se cuela sobre la cazuela de las alubias. 
10 Se da el último hervor y se prueba de sal definitivamente. 
11 Aparte, habremos cocido la berza en dos aguas. 
12 La primera en agua hirviendo, únicamente hasta que de nuevo vuelva a hervir (blanquear la berza, para que pierda su fuerte olor) y la segunda cocción con agua fría, sazonada con una pizca de sal y un chorrito de aceite. 
13 Cuando hierva la berza, se echan las patatas troceadas y se deja que cuezan hasta que la patata esté cocinada. 
14 Hacemos un refrito con 1 diente de ajo y lo vertemos encima de la berza. 
15 Servimos las alubias acompañadas de la berza y las patatas en una fuente aparte. 
16 Para terminar, se ponen unas guindillas en vinagre, un buen aceite de oliva y un poco de sal para que los comensales se aliñen las alubias a su gusto.",6fc355a5-f437-4b55-983d-b5bf2d82a531,comida
Alubias negras con costilla de cerdo,https://www.recetasgratis.net/receta-de-alubias-negras-con-costilla-de-cerdo-28789.html,"250 gramos de alubias
2 litros de agua
½ cebolla
½ vaso de aceite
1 kilo de costilla de cerdo Guindillas verdes
1 cucharada de pimentón picante","1 La noche anterior limpiamos las alubias bajo el chorro de agua fría y las ponemos en remojo dentro de una cazuela o en un recipiente de cristal. 
2 Al día siguiente introducimos las alubias en un puchero con agua fría y limpia. 
3 Añadimos un chorro de aceite, las costillas de cerdo y la cebolla picada fina. 
4 Cuando empiece a hervir, rompemos el hervor echando un vaso de agua fría. 
5 Se pone el puchero a fuego lento, dejando cocer las alubias por espacio de 2 horas (en olla rápida unos 35 minutos). 
6 Cuando las alubias estén casi cocidas, preparamos en una sartén un sofrito poniendo unas cucharadas de aceite y cebolla picada muy fina. 
7 En el momento en que la cebolla empieza a dorarse, apartamos la sartén del fuego y añadimos una cucharadita de pimentón picante. 
8 Rehogamos bien y vertemos en el puchero de las alubias. 
9 Esperamos a que las alubias se acaben de hacer, las retiramos del fuego y dejamos reposar una media hora. 
10 Las guindillas se sirven aparte en un plato con un poco de sal.",3c36afe0-e45d-40ed-8cdc-38a397d52f44,comida
Alubias rojas estofadas,https://www.recetasgratis.net/receta-de-alubias-rojas-estofadas-28774.html,"250 gramos de alubias rojas
1 cebolla
1 zanahoria
2 dientes de ajo
1 hoja de laurel
1 cucharadita de pimentón
1 cucharada sopera rasa de harina
1 decilitro de aceite de oliva Sal","1 Aclaramos en agua fría las alubias y una vez limpias las dejamos en remojo, con agua fría durante toda una noche. 
2 Al día siguiente, aprovechando la propia agua de remojo, las ponemos en una olla y añadimos agua fría hasta cubrirlas y un poco más. 
3 Añadimos la cebolla troceada por la mitad, la zanahoria pelada, los dientes de ajo pelados y enteros, el laurel y un chorro de aceite. 
4 Dejamos que cuezan a fuego suave y lento, vigilando que estén siempre cubiertas de agua, añadiendo un poco de agua fría cuando sea necesario. 
5 Cuando estén en su punto las retiramos del fuego. 
6 Retiramos la cebolla, la zanahoria y el laurel. 
7 La cebolla y la zanahoria la pasamos por el pasapurés y añadimos el puré a las alubias. 
8 En una sartén, freímos en un poco de aceite la harina, sacamos del fuego y añadimos una cucharadita de pimentón y rápidamente, añadimos un poco de caldo de cocción y vertemos sobre las alubias. 
9 Sazonamos con sal y dejamos cocer 5 minutos más. 
10 Antes de servir es conveniente que reposen 10 minutos.",7b6275eb-c8c5-4fed-a3c4-c5a9b4a56399,comida
Alubias negras con arroz y sepia,https://www.recetasgratis.net/receta-de-alubias-negras-con-arroz-y-sepia-28764.html,"Medio kilo de alubias negras 400 gramos de sepia limpia
2 cebollas Un pimiento rojo
5 dientes de ajo
1 tomate
100 gramos de arroz
4 cucharadas de aceite de oliva Sal","1 Ponemos a remojo las alubias la noche anterior. 
2 Al día siguiente elaboramos un sofrito con los ajos, la cebolla, el pimiento (todo ello cortado en cuadraditos). 
3 Cuando empiece a dorarse hay que añadir el tomate pelado. 
4 Una vez elaborado el sofrito le añadimos la sepia cortada en cuadraditos y la salteamos. 
5 Añadimos las alubias escurridas del agua del remojo, cubrimos con agua fría y lo ponemos a fuego fuerte hasta que el agua entre en ebullición. 
6 Bajamos el fuego de la cazuela y dejamos que hierva a lentamente dos horas. 
7 Cuando falten 20 minutos para terminar la cocción añadimos el arroz y dejamos que hierva todo el conjunto de nuevo hasta que estén cocinada las alubias y el arroz. 
8 Ponemos a punto de sal y servimos en sopera caliente.",57e4dab9-e891-4da1-94e7-3984e2d31740,comida
Alubias blancas con bacalao y setas,https://www.recetasgratis.net/receta-de-alubias-blancas-con-bacalao-y-setas-28760.html,"300 gramos de alubias blancas
½ kilo de bacalao desalado
300 gramos de setas
75 gramos de tomate maduro
100 gramos de cebolla Una rama de perejil
1 diente de ajo
½ cucharadita de pimentón dulce
4 cucharadas de aceite de oliva Sal","1 Ponemos las alubias en remojo en agua fría durante la noche anterior. 
2 A la mañana siguiente las escurrimos, las metemos en una cacerola, junto con la cebolla picada, el tomate pelado y cortado en trozos pequeños, el ajo, el pimentón y el aceite crudo. 
3 Cubrimos el conjunto con agua fría. uando rompe el hervor, bajamos el fuego y dejamos cocer lentamente, añadiendo las setas cortadas en tiras, procurando que las alubias estén siempre cubiertas de agua para que no suelten la piel. 
4 Una vez tiernas, sazonamos y dejamos cocer muy despacio. n el último momento, cuando la alubia está ya cocida, añadimos el bacalao desalado previamente y desmigado, y dejamos hervir el potaje muy despacio 10 minutos. 
5 Retiramos del fuego, espolvoreamos con perejil recién picado y dejamos reposar, tapadas, unos 10 minutos antes de servirlas.",e9b4a850-e734-4c28-b800-fe1dde63bee3,comida
Alubias blancas con almejas y setas,https://www.recetasgratis.net/receta-de-alubias-blancas-con-almejas-y-setas-28757.html,"280 gramos de alubias blancas
½ kilo de almejas
300 gramos de setas
75 gramos de tomate maduro
100 gramos de cebolla Una rama de perejil
1 diente de ajo
½ cucharadita de pimentón dulce
4 cucharadas de aceite de oliva Sal","1 Ponemos las alubias en remojo en agua fría, durante la noche anterior. 
2 A la mañana siguiente las escurrimos, las pasamos a una cacerola y les añadimos la cebolla picada, el tomate pelado. 
3 Cortado en trozos pequeños, el ajo, el perejil, el pimentón y el aceite crudo y cubrimos con agua fría. 
4 Cuando rompe el hervor, bajamos el fuego y dejamos cocer lentamente, añadiendo las setas cortadas en tiras. 
5 Procurando que las alubias estén siempre cubiertas de agua para que no suelten la piel. 
6 Una vez que las alubias estén tiernas, sazonamos y seguimos cociendo muy despacio. 
7 Aparte abrimos las almejas con un poco de ajo en una sartén, y cuando se han abierto les añadimos perejil picado. 
8 Vertemos sobre las alubias, dejándolas hervir con las almejas muy despacio durante 10 minutos más. 
9 Retiramos el cocido del fuego y dejamos reposar, tapadas, unos diez minutos antes de servirlas.",52a13f42-748a-4530-b756-72fbbea1e0ae,comida
Alubias blancas con setas y almejas,https://www.recetasgratis.net/receta-de-alubias-blancas-con-setas-y-almejas-28751.html,"300 gramos de alubias blancas
½ kilo de almejas finas
100 gramos de setas
75 gramos de tomate maduro
100 gramos de cebolla
½ hoja de laurel Una rama de perejil
1 diente de ajo
½ cucharadita de pimentón dulce Aceite Sal","1 Ponemos las alubias en remojo en agua fría, durante la noche anterior. 
2 A la mañana siguiente escurrimos, trasladamos a una cacerola y les añadimos la cebolla picada, el tomate pelado. 
3 Cortado en trozos pequeños, el laurel, el ajo, el perejil, el pimentón y el aceite crudo y se cubre con agua fría. 
4 Cuando rompe el hervor, bajamos el fuego, y dejamos cocer lentamente, procurando que las alubias estén siempre cubiertas de agua para que no suelten la piel. 
5 Una vez tiernas, sazonamos de sal, añadimos las setas limpias y troceadas y seguimos cociendo muy despacio. 
6 Aparte abrimos las almejas con un poco de ajo en una sartén, y cuando se han abierto les añadimos un poco de perejil picado. 
7 Vertemos sobre las alubias y setas, dejándolas hervir con las almejas muy despacio 10 minutos más. 
8 Se retiran del fuego y se dejan reposar, tapadas, unos diez minutos antes de servirlas.",c2609548-8d87-4c3d-9935-ab22b0dc1c60,comida
Alubias blancas con champiñones,https://www.recetasgratis.net/receta-de-alubias-blancas-con-champinones-28747.html,"400 gramos de alubias blancas
1 zanahoria
1 puerro Media cebolla
2 dientes de ajo
200 gramos de champiñones frescos Sal
2 cucharadas de aceite de oliva","1 Ponemos las alubias a remojo la noche anterior en agua fría. 
2 Al día siguiente, en una cazuela ponemos a cocer las alubias, la zanahoria pelada pero entera, el puerro limpio y troceado en dos trozos y la media cebolla pelada en trozo grande. 
3 Cuando la alubia esté cocida, separamos la zanahoria, el puerro y la cebolla, las pasamos por la batidora y volvemos añadir a las alubias. 
4 Por otra parte, limpiamos los champiñones y los troceamos en cuadraditos. 
5 Picamos finamente los ajos y sofreímos, antes de que cojan color añadimos los champiñones y sofreímos. 
6 Vertemos el salteado de champiñones a las alubias y cocemos todo el conjunto unos 10 minutos a fuego suave. 
7 Ponemos a punto de sal y servimos caliente una vez reposado el cocido unos 10 minutos con la tapa de la cazuela puesta para que no se enfríe. 
8 Para 4 personas.",986f5601-fddc-4d83-9ef5-2ff856e20db9,comida
Alubias rojas con codornices,https://www.recetasgratis.net/receta-de-alubias-rojas-con-codornices-28740.html,"4 codornices
300 gramos de alubias rojas
1 cebolla
100 gramos de zanahorias
1 pimiento morrón rojo
1 pimiento morrón verde
2 dientes de ajo
8 cucharadas de aceite de oliva virgen Sal","1 Ponemos a remojo las alubias rojas la noche anterior. 
2 Las cocemos durante 1 hora con un poco de aceite de oliva y si se quiere con algo de verdura pero nos es necesario porque después las terminaremos de cocer con las codornices y el resto de verduras Limpiamos las codornices y las abrimos por el medio. 
3 Freímos con aceite de oliva por ambos lados ligeramente. 
4 En el mismo aceite una vez salteadas las codornices pochamos la zanahoria, la cebolla y los pimientos cortada en juliana, es decir, en tiras finas Añadimos las alubias cocidas y las codornices y cocemos suavemente durante 15 minutos para que se mezclen los sabores.",667605a2-c796-4e30-8175-8d3924ddf30c,comida
Alubias con Chorizo de Bote,https://www.recetasgratis.net/receta-de-alubias-con-chorizo-de-bote-14229.html,"1 bote de alubias (frijoles, judías)
1½ vasos de agua
2 dientes de ajo
1 cebolla
8 trozos de chorizo
1 tomate maduro
1 pizca de sal
1 cucharadita de pimentón dulce aceite","1 El primer paso para elaborar estas alubias con chorizo de bote rápidas es picar la cebolla, pelar los ajos, dejarlos enteros y poner freír todo en una sartén con un poco de aceite. 
2 Luego corta el chorizo en trozos o rodajas si lo has comprado en un trozo grande y añádelo a la sartén. Este ingrediente le dará un sabor muy especial a la alubias blancas. Sofríelo un rato. 
3 Cuando la cebolla esté casi pochada del todo, ralla el tomate maduro y añádelo al sofrito de las alubias con chorizo de bote. 
4 Una vez el sofrito de las alubias con chorizo esté listo, retira los dientes de ajo pelados y añade la cuharadita de pimentón dulce. Remueve bien para integrar todos los sabores. 
5 Después añade el bote de alubias blancas. Si quieres puede enjuagarlas y escurrirlas previamente, pero yo prefiero añadirlas con el líquido de conservación si escurrirlas. 
6 Por último, añade el vaso y media de agua y una pizca de sal, y dejamos cocinar las judías blancas con chorizo durante unos 10-15 minutos a fuego bajo-medio. 
7 Cuando se hayan cocinado bien, ya podremos disfrutar de nuestras alubias con chorizo de bote en la mesa. Y si os gustan las recetas con alubias, no os perdáis las que vienen a continuación:Alubias con tomateEnsalada de alubias blancas con pestoAlubias blancas con pollo",99530dad-bef6-4901-ac47-3a34a6be4dfd,comida
Alubias salteadas con bacon,https://www.recetasgratis.net/receta-de-alubias-salteadas-con-bacon-11785.html,"1 bote de Alubias blancas cocidas
1 unidad de Pimiento verde
½ unidad de Pimiento amarillo
2 unidades de Tomate
1 unidad de Cebolleta
3 lonchas de Bacon
1 pizca de Sal
1 chorro de Aceite de oliva","1 El primer paso para elaborar las alubias salteadas con bacon es reunir todos los ingredientes. 
2 En primer lugar escurrimos las alubias y las lavamos con abundante agua. 
3 En una sartén sofreímos la cebolleta cortada en cuadraditos con un poco de aceite. 
4 Agregamos los pimientos cortados también en cuadraditos. Recuerda que la verdura puedes picarla al gusto, pero como se trata de una receta para niños es mejor picarlo todo lo más fino posible. 
5 Cortamos el bacon en taquitos y lo incorporamos al sofrito. Se puede sustituir el bacon por jamón serrano en dados o jamón cocido. 
6 Pelamos el tomate y lo cortamos en dados pequeñitos (también lo podemos rallar). A continuación lo añadimos al sofrito y salpimentamos. 
7 Por último añadimos las alubias escurridas y mezclamos para que tomen el sabor. 
8 Estas sabrosas alubias salteadas con bacon son un plato ideal y rápido para preparar en vuestro día a día. Otra receta similar son los garbanzos salteados. ¡Esperamos vuestros comentarios!",3638e09e-5f77-4959-ac45-16d14302c893,comida
Alubias estofadas al vino tinto,https://www.recetasgratis.net/receta-de-alubias-estofadas-al-vino-tinto-11679.html,"200 g de alubias rojas
1 cebolla mediana
2 clavos de olor
250 grs. de carne de morcillo
20 grs. de mantequilla
15 grs. de harina
250 ml de vino tinto
1 vaso de agua Sal Pimienta al gusto","1 Ponemos a remojo las alubias la noche anterior. 
2 Pelamos la cebolla y le ensartamos los clavos y cortamos la carne a dados. En una cazuela tostamos la harina en la mantequilla como si fuésemos a elaborar una bechamel. 
3 Añadimos la carne a la mezcla de harina y mantequilla, el vino tinto y 1 vaso de agua. Incorporamos la cebolla con los dos clavos, salpimentamos y dejamos cocer media hora. 
4 Cuando la salsa esté espesa, añadimos las alubias previamente lavadas y cubrimos con agua limpia y dejamos cocer 2 horas. 
5 En esta receta, si la elaboramos en olla a presión, con ½ hora de cocción de las alubias es más que suficiente. Dejamos reposar y servimos enseguida.",3e2358a8-796d-41a0-be3b-e7e91755d6c2,comida
Alubias rojas de la baÑeza,https://www.recetasgratis.net/receta-de-alubias-rojas-de-la-baneza-9887.html,"200 gramos de alubia roja
1 patata
1 cebolla
1 diente de ajo
1 zanahoria aceite sal","1 Se ponen las alubias en remojo durante 12 horas minimo con un poco de sal. A la hora de hacerlas se ponen las alubias y la zanahoria troceada en la olla cubiertas con agua fria, de forma que el agua sobrepase a las alubias dos dedos. 
2 Se procede a la cocción, una vez que empiece a hervir se baja el fuego y se cuecen durante una hora a fuego bajo, cuidando que no se queden sin agua, a parte se hace una fritada con la cebolla y el diente de ajo, todo bien picadito, esta fritada hay que hacerla y echarla a las alubias cuando haya pasado la hora de cocción, junto con la fritada de cebolla y ajo se echa la patata troceada, se mira si hace falta echar mas agua a las alubias, se echa la sal, se sube el fuego para que empiece a hervir y cuando empiece a hervir se baja el fuego y se deja cocer otra media hora, dandole unos meneos a la olla de vez en cuando para que espese la salsa. 
3 Esta receta para alubias de frascoSe echan las alubias a la olla y se pone un poco de agua y se pone a hervir, se echa la patata troceada, y la fritada de cebolla y ajo (la fritada de cebolla hay que ponerse a hacerla antes de echar las alubias a la olla), se echa la sal, y se deja hervir 15 minutos a fuego medio al principio y los ultimos 10 minutos a fuego lento, meneando la olla y cuidando que no se peguen las alubias.( en esta receta no te he puesto la zanahoria, porque tarda mas en hacerse que la patata, y si se tienen cociendo mucho tiempo las alubias de frasco se deshacen).",b33d9865-8af3-4b97-b4c2-aae4386c62e7,comida
Alubias pollo pimiento,https://www.recetasgratis.net/receta-de-alubias-pollo-pimiento-8424.html,"250 grs. alubias de ojo
150 grs. pimiento verde
250 grs. cebolla
50 grs. tomate frito
4 dientes ajo
60 grs. nueces troceadas
1 kilo
400 grs. de picantones (pollos pequeños)
1/2 litro de caldo pollo
100 ml. aceite oliva Pimineta Sal","1 Se cuecen las alabias 40 minutos se dejan enfriar en el agus de la coccion y se escurren, aparte se frien los picantones salpimentados y se reservan. 
2 Se pican y sofrien la cebolla, los pimientos y los ajos, se añade el tomate frito y los picantones y las alubias. 
3 Se cuecen a fuego suave durante 5 minutos, se añade el caldo y se cuece 10 minutos mas y se espolvorea con las nueces.",9e96ef3f-4309-41a3-a5df-b8e13896e259,comida
Alubias rojas de tolosa en olla exprés,https://www.recetasgratis.net/receta-de-alubias-rojas-de-tolosa-en-olla-expres-8216.html,"½ kilogramo de Alubias de tolosa
1 unidad de Cebolla
5 cucharadas soperas de Aceite de oliva
1 pizca de Sal
1½ litros de Agua
1 unidad de Morcilla de verdura
1 unidad de Chorizo
1 puñado de Guindilla de Ibarra","1 Antes de empezar a preparar las alubias rojas de Tolosa es importante que tengas en cuenta que los ingrediente de la parte de acompañamiento son al gusto. Puedes incluir lo que desees.bien se trate de carnes o verduras. 
2 Haz un sofrito con la cebolla y el aceite. Cuando la cebolla esté casi tierna, añade los acompañantes y mezcla bien con el sofrito. Sazona al gusto. 
3 Posteriormente, agrega el agua fría junto las alubias a la olla express. Cocina a fuego medio-alto durante unos 20 minutos o hasta que la olla empiece a pitar. 
4 Entonces destapa la olla y baja el fuego. Comprueba que las alubias estén tiernas y todo los ingredientes estén cocidos. Comprueba la sazón y corrige si es necesario. 
5 Deja reposar fuera del fuego para el caldo espese al gusto. Luego, sirve las alubias rojas de tolosa y disfruta de este potente plato español.",64ad6d6f-5dba-4952-99b3-a78486f336d8,comida
Alubias rojas de tolosa,https://www.recetasgratis.net/receta-de-alubias-rojas-de-tolosa-8212.html,"400 gramos de Alubias rojas de Tolosa
200 gramos de Tocino
4 unidades de Chorizos
1 unidad de Cebolla
6 dientes de Ajo
1 unidad de Puerro
1 botella de Aceite de oliva
1 unidad de Berza
1 pizca de Sal","1 Lavar bien las alubias y el tocino. Poner las alubias de Tolosa en una olla de fondo grueso, cubiertas escasamente de agua fría, junto con el tocino, 1/2 cebolla y un chorro de aceite. 
2 Dejar hirviendo unos minutos a fuego vivo, luego bajar el fuego y dejar cocer lentamente. 
3 Cuando hayan cocido aproximadamente una hora y media, añadir los chorizos y dejar cocer lentamente hasta que las alubias estén blandas; si se avapora mucha agua, añadir un poco más, pero que sea caliente. 
4 El tiempo de cocción depende mucho de si las alubias son nuevas o viejas. 
5 Cortar pequeñ la otra media cebolla, el puerro y los ajos. 
6 En un cazo, poner un chorro de aceite, cuando esté caliente, rehogar la verdura picada, dejar que tome un poco de color y verter en la olla con las alubias. 
7 Comprobar el punto de sal. 
8 Servir con berza hervida aparte.",d1f29ab1-9737-4c46-a9e7-fbabf5c2f543,comida
